1578763793,nan,-1,20000,0,0,0
1578763796,nan,-1,19999,0,0,0
1578763799,nan,-1,19998,0,0,0
1578763802,nan,-1,19997,0,0,0
1578763805,nan,-1,19996,0,0,0
1578763808,nan,-1,19995,0,0,0
1578763811,nan,-1,19994,0,0,0
1578763814,nan,-1,19993,0,0,0
1578763817,nan,-1,19992,0,0,0
1578763820,nan,-1,19991,0,0,0
1578763823,nan,-1,19990,0,0,0
1578763826,nan,-1,19989,0,0,0
1578763829,nan,-1,19988,0,0,0
1578763832,nan,-1,19987,0,0,0
1578763835,nan,-1,19986,0,0,0
1578763838,nan,-1,19985,0,0,0
1578763841,nan,-1,19984,0,0,0
1578763844,nan,-1,19983,0,0,0
1578763847,nan,-1,19982,0,0,0
1578763851,nan,-1,19981,0,0,0
1578763854,nan,-1,19980,0,0,0
1578763857,nan,-1,19979,0,0,0
1578763860,nan,-1,19978,0,0,0
1578763863,nan,-1,19977,0,0,0
1578763866,nan,-1,19976,0,0,0
1578763869,nan,-1,19975,0,0,0
1578763872,nan,-1,19974,0,0,0
1578763875,nan,-1,19973,0,0,0
1578763878,nan,-1,19972,0,0,0
1578763881,nan,-1,19971,0,0,0
1578763884,nan,-1,19970,0,0,0
1578763887,nan,-1,19969,0,0,0
1578763890,nan,-1,19968,0,0,0
1578763893,nan,-1,19967,0,0,0
1578763896,nan,-1,19966,0,0,0
1578763899,nan,-1,19965,0,0,0
1578763902,nan,-1,19964,0,0,0
1578763905,nan,-1,19963,0,0,0
1578763908,nan,-1,19962,0,0,0
1578763911,nan,-1,19961,0,0,0
1578763915,nan,-1,19960,0,0,0
1578763918,nan,-1,19959,0,0,0
1578763921,nan,-1,19958,0,0,0
1578763924,nan,-1,19957,0,0,0
1578763927,nan,-1,19956,0,0,0
1578763930,nan,-1,19955,0,0,0
1578763933,nan,-1,19954,0,0,0
1578763936,nan,-1,19953,0,0,0
1578763939,nan,-1,19952,0,0,0
1578763942,nan,-1,19951,0,0,0
1578763945,nan,-1,19950,0,0,0
1578763948,nan,-1,19949,0,0,0
1578763951,nan,-1,19948,0,0,0
1578763954,nan,-1,19947,0,0,0
1578763957,nan,-1,19946,0,0,0
1578763960,nan,-1,19945,0,0,0
1578763963,nan,-1,19944,0,0,0
1578763966,nan,-1,19943,0,0,0
1578763969,nan,-1,19942,0,0,0
1578763972,nan,-1,19941,0,0,0
1578763976,nan,-1,19940,0,0,0
1578763979,nan,-1,19939,0,0,0
1578763982,nan,-1,19938,0,0,0
1578763985,nan,-1,19937,0,0,0
1578763988,nan,-1,19936,0,0,0
1578763991,nan,-1,19935,0,0,0
1578763994,nan,-1,19934,0,0,0
1578763997,nan,-1,19933,0,0,0
1578764000,nan,-1,19932,0,0,0
1578764003,nan,-1,19931,0,0,0
1578764006,nan,-1,19930,0,0,0
1578764009,nan,-1,19929,0,0,0
1578764012,nan,-1,19928,0,0,0
1578764015,nan,-1,19927,0,0,0
1578764018,nan,-1,19926,0,0,0
1578764021,nan,-1,19925,0,0,0
1578764024,nan,-1,19924,0,0,0
1578764027,nan,-1,19923,0,0,0
1578764030,nan,-1,19922,0,0,0
1578764033,nan,-1,19921,0,0,0
1578764037,nan,-1,19920,0,0,0
1578764040,nan,-1,19919,0,0,0
1578764043,nan,-1,19918,0,0,0
1578764046,nan,-1,19917,0,0,0
1578764049,nan,-1,19916,0,0,0
1578764052,nan,-1,19915,0,0,0
1578764055,nan,-1,19914,0,0,0
1578764058,nan,-1,19913,0,0,0
1578764061,nan,-1,19912,0,0,0
1578764064,nan,-1,19911,0,0,0
1578764067,nan,-1,19910,0,0,0
1578764070,nan,-1,19909,0,0,0
1578764073,nan,-1,19908,0,0,0
1578764076,nan,-1,19907,0,0,0
1578764079,nan,-1,19906,0,0,0
1578764082,nan,-1,19905,0,0,0
1578764085,nan,-1,19904,0,0,0
1578764088,nan,-1,19903,0,0,0
1578764091,nan,-1,19902,0,0,0
1578764094,nan,-1,19901,0,0,0
1578764097,nan,-1,19900,0,0,0
1578764101,nan,-1,19899,0,0,0
1578764104,nan,-1,19898,0,0,0
1578764107,nan,-1,19897,0,0,0
1578764110,nan,-1,19896,0,0,0
1578764113,nan,-1,19895,0,0,0
1578764116,nan,-1,19894,0,0,0
1578764119,nan,-1,19893,0,0,0
1578764122,nan,-1,19892,0,0,0
1578764125,nan,-1,19891,0,0,0
1578764128,nan,-1,19890,0,0,0
1578764131,nan,-1,19889,0,0,0
1578764134,nan,-1,19888,0,0,0
1578764137,nan,-1,19887,0,0,0
1578764140,nan,-1,19886,0,0,0
1578764143,nan,-1,19885,0,0,0
1578764146,nan,-1,19884,0,0,0
1578764149,nan,-1,19883,0,0,0
1578764152,nan,-1,19882,0,0,0
1578764155,nan,-1,19881,0,0,0
1578764158,nan,-1,19880,0,0,0
1578764161,nan,-1,19879,0,0,0
1578764165,nan,-1,19878,0,0,0
1578764168,nan,-1,19877,0,0,0
1578764171,nan,-1,19876,0,0,0
1578764174,nan,-1,19875,0,0,0
1578764177,nan,-1,19874,0,0,0
1578764180,nan,-1,19873,0,0,0
1578781729,nan,-1,19872,0,0,0
1578781732,nan,-1,19871,0,0,0
1578781735,nan,-1,19870,0,0,0
1578781738,nan,-1,19869,0,0,0
1578781741,nan,-1,19868,0,0,0
1578781744,nan,-1,19867,0,0,0
1578781747,nan,-1,19866,0,0,0
1578781750,nan,-1,19865,0,0,0
1578781753,nan,-1,19864,0,0,0
1578781757,nan,-1,19863,0,0,0
1578781760,nan,-1,19862,0,0,0
1578781763,nan,-1,19861,0,0,0
1578781766,nan,-1,19860,0,0,0
1578781769,nan,-1,19859,0,0,0
1578781772,nan,-1,19858,0,0,0
1578781775,nan,-1,19857,0,0,0
1578781778,nan,-1,19856,0,0,0
1578781781,nan,-1,19855,0,0,0
1578781784,nan,-1,19854,0,0,0
1578781787,nan,-1,19853,0,0,0
1578781790,nan,-1,19852,0,0,0
1578781793,nan,-1,19851,0,0,0
1578781842,nan,-1,19850,0,0,0
1578781845,nan,-1,19849,1,0,0
1578781848,nan,-1,19849,1,0,0
1578781851,nan,-1,19849,1,0,0
1578781854,nan,-1,19849,1,0,0
1578781857,nan,-1,19849,1,0,0
1578781860,nan,-1,19849,0,0,0
1578781863,nan,-1,19848,0,0,0
1578781866,nan,-1,19847,1,0,0
1578781869,nan,-1,19847,1,0,0
1578781872,nan,-1,19847,1,0,0
1578781875,nan,-1,19847,1,0,0
1578781878,nan,-1,19847,1,0,0
1578781881,nan,-1,19847,0,0,0
1578781884,nan,-1,19846,0,0,0
1578782608,nan,-1,19845,0,0,0
1578782611,nan,-1,19844,1,0,0
1578782614,nan,-1,19844,1,0,0
1578782617,nan,-1,19844,1,0,0
1578782620,nan,-1,19844,1,0,0
1578782623,nan,-1,19844,1,0,0
1578782627,nan,-1,19844,0,0,0
1578782630,nan,-1,19843,1,0,0
1578782633,nan,-1,19843,1,0,0
1578782636,nan,-1,19843,1,0,0
1578782639,nan,-1,19843,1,0,0
1578782642,nan,-1,19843,1,0,0
1578782645,nan,-1,19843,0,0,0
1578782648,nan,-1,19842,1,0,0
1578782651,nan,-1,19842,1,0,0
1578782654,nan,-1,19842,1,0,0
1578782657,nan,-1,19842,1,0,0
1578782660,nan,-1,19842,1,0,0
1578782663,nan,-1,19842,0,0,0
1578782666,nan,-1,19841,1,0,0
1578782669,nan,-1,19841,1,0,0
1578782672,nan,-1,19841,1,0,0
1578782675,nan,-1,19841,1,0,0
1578782678,nan,-1,19841,1,0,0
1578782681,nan,-1,19841,0,0,0
1578782684,nan,-1,19840,1,0,0
1578782687,nan,-1,19840,1,0,0
1578782690,nan,-1,19840,1,0,0
1578782693,nan,-1,19840,1,0,0
1578782696,nan,-1,19840,1,0,0
1578782699,nan,-1,19840,0,0,0
1578782702,nan,-1,19839,1,0,0
1578782705,nan,-1,19839,1,0,0
1578782708,nan,-1,19839,1,0,0
1578782711,nan,-1,19839,1,0,0
1578782714,nan,-1,19839,1,0,0
1578782718,nan,-1,19839,0,0,0
1578782721,nan,-1,19838,0,0,0
1578782724,nan,-1,19837,1,0,0
1578782727,nan,-1,19837,1,0,0
1578782730,nan,-1,19837,1,0,0
1578782733,nan,-1,19837,1,0,0
1578782736,nan,-1,19837,1,0,0
1578782739,nan,-1,19837,0,0,0
1578782742,nan,-1,19836,1,0,0
1578782745,nan,-1,19836,1,0,0
1578782748,nan,-1,19836,1,0,0
1578782751,nan,-1,19836,1,0,0
1578782754,nan,-1,19836,1,0,0
1578782757,nan,-1,19836,0,0,0
1578782760,nan,-1,19835,1,0,0
1578782763,nan,-1,19835,1,0,0
1578782766,nan,-1,19835,1,0,0
1578782769,nan,-1,19835,1,0,0
1578782772,nan,-1,19835,1,0,0
1578782775,nan,-1,19835,0,0,0
1578782778,nan,-1,19834,1,0,0
1578782781,nan,-1,19834,1,0,0
1578782784,nan,-1,19834,1,0,0
1578782787,nan,-1,19834,1,0,0
1578782790,nan,-1,19834,1,0,0
1578782793,nan,-1,19834,0,0,0
1578782796,nan,-1,19833,1,0,0
1578782799,nan,-1,19833,1,0,0
1578782802,nan,-1,19833,1,0,0
1578782805,nan,-1,19833,1,0,0
1578782809,nan,-1,19833,1,0,0
1578782812,nan,-1,19833,0,0,0
1578782815,nan,-1,19832,0,0,0
1578782818,nan,-1,19831,1,0,0
1578782821,nan,-1,19831,1,0,0
1578782824,nan,-1,19831,1,0,0
1578782827,nan,-1,19831,1,0,0
1578782830,nan,-1,19831,1,0,0
1578782833,nan,-1,19831,0,0,0
1578782836,nan,-1,19830,0,0,0
1578782839,nan,-1,19829,1,0,0
1578782842,nan,-1,19829,1,0,0
1578782845,nan,-1,19829,1,0,0
1578782848,nan,-1,19829,1,0,0
1578782851,nan,-1,19829,1,0,0
1578782854,nan,-1,19829,0,0,0
1578782857,nan,-1,19828,1,0,0
1578782860,nan,-1,19828,1,0,0
1578782863,nan,-1,19828,1,0,0
1578782866,nan,-1,19828,1,0,0
1578782869,nan,-1,19828,1,0,0
1578782872,nan,-1,19828,0,0,0
1578782875,nan,-1,19827,1,0,0
1578782878,nan,-1,19827,1,0,0
1578782881,nan,-1,19827,1,0,0
1578782884,nan,-1,19827,1,0,0
1578782887,nan,-1,19827,1,0,0
1578782890,nan,-1,19827,0,0,0
1578782893,nan,-1,19826,0,0,0
1578782897,nan,-1,19825,1,0,0
1578782900,nan,-1,19825,1,0,0
1578782903,nan,-1,19825,1,0,0
1578782906,nan,-1,19825,1,0,0
1578782909,nan,-1,19825,1,0,0
1578782912,nan,-1,19825,0,0,0
1578782915,nan,-1,19824,1,0,0
1578782918,nan,-1,19824,1,0,0
1578782921,nan,-1,19824,1,0,0
1578782924,nan,-1,19824,1,0,0
1578782927,nan,-1,19824,1,0,0
1578782930,nan,-1,19824,0,0,0
1578782933,nan,-1,19823,1,0,0
1578782936,nan,-1,19823,1,0,0
1578782939,nan,-1,19823,1,0,0
1578782942,nan,-1,19823,1,0,0
1578782945,nan,-1,19823,1,0,0
1578782948,nan,-1,19823,0,0,0
1578782951,nan,-1,19822,0,0,0
1578782954,nan,-1,19821,1,0,0
1578782957,nan,-1,19821,1,0,0
1578782960,nan,-1,19821,1,0,0
1578782963,nan,-1,19821,1,0,0
1578782966,nan,-1,19821,1,0,0
1578782969,nan,-1,19821,0,0,0
1578782972,nan,-1,19820,1,0,0
1578782975,nan,-1,19820,1,0,0
1578782978,nan,-1,19820,1,0,0
1578782981,nan,-1,19820,1,0,0
1578782985,nan,-1,19820,1,0,0
1578782988,nan,-1,19820,0,0,0
1578782991,nan,-1,19819,1,0,0
1578782994,nan,-1,19819,1,0,0
1578782997,nan,-1,19819,1,0,0
1578783000,nan,-1,19819,1,0,0
1578783003,nan,-1,19819,1,0,0
1578783006,nan,-1,19819,0,0,0
1578783009,nan,-1,19818,0,0,0
1578783012,nan,-1,19817,1,0,0
1578783015,nan,-1,19817,1,0,0
1578783018,nan,-1,19817,1,0,0
1578783021,nan,-1,19817,1,0,0
1578783024,nan,-1,19817,1,0,0
1578783027,nan,-1,19817,0,0,0
1578783030,nan,-1,19816,1,0,0
1578783033,nan,-1,19816,1,0,0
1578783036,nan,-1,19816,1,0,0
1578783039,nan,-1,19816,1,0,0
1578783042,nan,-1,19816,1,0,0
1578783045,nan,-1,19816,0,0,0
1578783048,nan,-1,19815,1,0,0
1578783051,nan,-1,19815,1,0,0
1578783054,nan,-1,19815,1,0,0
1578783057,nan,-1,19815,1,0,0
1578783060,nan,-1,19815,1,0,0
1578783063,nan,-1,19815,0,0,0
1578783066,nan,-1,19814,1,0,0
1578783069,nan,-1,19814,1,0,0
1578783072,nan,-1,19814,1,0,0
1578783076,nan,-1,19814,1,0,0
1578783079,nan,-1,19814,1,0,0
1578783082,nan,-1,19814,0,0,0
1578783085,nan,-1,19813,1,0,0
1578783088,nan,-1,19813,1,0,0
1578783091,nan,-1,19813,1,0,0
1578783094,nan,-1,19813,1,0,0
1578783097,nan,-1,19813,1,0,0
1578783100,nan,-1,19813,0,0,0
1578783103,nan,-1,19812,1,0,0
1578783106,nan,-1,19812,1,0,0
1578783109,nan,-1,19812,1,0,0
1578783112,nan,-1,19812,1,0,0
1578783115,nan,-1,19812,1,0,0
1578783118,nan,-1,19812,0,0,0
1578783121,nan,-1,19811,1,0,0
1578783124,nan,-1,19811,1,0,0
1578783127,nan,-1,19811,1,0,0
1578783130,nan,-1,19811,1,0,0
1578783133,nan,-1,19811,1,0,0
1578783136,nan,-1,19811,0,0,0
1578783139,nan,-1,19810,1,0,0
1578783142,nan,-1,19810,1,0,0
1578783145,nan,-1,19810,1,0,0
1578783148,nan,-1,19810,1,0,0
1578783151,nan,-1,19810,1,0,0
1578783154,nan,-1,19810,0,0,0
1578783157,nan,-1,19809,1,0,0
1578783160,nan,-1,19809,1,0,0
1578783164,nan,-1,19809,1,0,0
1578783167,nan,-1,19809,1,0,0
1578783170,nan,-1,19809,1,0,0
1578783173,nan,-1,19809,0,0,0
1578783176,nan,-1,19808,1,0,0
1578783179,nan,-1,19808,1,0,0
1578783182,nan,-1,19808,1,0,0
1578783185,nan,-1,19808,1,0,0
1578783188,nan,-1,19808,1,0,0
1578783191,nan,-1,19808,0,0,0
1578783194,nan,-1,19807,1,0,0
1578783197,nan,-1,19807,1,0,0
1578783200,nan,-1,19807,1,0,0
1578783203,nan,-1,19807,1,0,0
1578783206,nan,-1,19807,1,0,0
1578783209,nan,-1,19807,0,0,0
1578783212,nan,-1,19806,0,0,0
1578783215,nan,-1,19805,1,0,0
1578783218,nan,-1,19805,1,0,0
1578783221,nan,-1,19805,1,0,0
1578783224,nan,-1,19805,1,0,0
1578783227,nan,-1,19805,1,0,0
1578783230,nan,-1,19805,0,0,0
1578783233,nan,-1,19804,1,0,0
1578783236,nan,-1,19804,1,0,0
1578783239,nan,-1,19804,1,0,0
1578783242,nan,-1,19804,1,0,0
1578783245,nan,-1,19804,1,0,0
1578783248,nan,-1,19804,0,0,0
1578783252,nan,-1,19803,1,0,0
1578783255,nan,-1,19803,1,0,0
1578783258,nan,-1,19803,1,0,0
1578783261,nan,-1,19803,1,0,0
1578783264,nan,-1,19803,1,0,0
1578783267,nan,-1,19803,0,0,0
1578783270,nan,-1,19802,1,0,0
1578783273,nan,-1,19802,1,0,0
1578783276,nan,-1,19802,1,0,0
1578783279,nan,-1,19802,1,0,0
1578783282,nan,-1,19802,1,0,0
1578783285,nan,-1,19802,0,0,0
1578783288,nan,-1,19801,1,0,0
1578783291,nan,-1,19801,1,0,0
1578783294,nan,-1,19801,1,0,0
1578783297,nan,-1,19801,1,0,0
1578783300,nan,-1,19801,1,0,0
1578783303,nan,-1,19801,0,0,0
1578783306,nan,-1,19800,1,0,0
1578783309,nan,-1,19800,1,0,0
1578783312,nan,-1,19800,1,0,0
1578783315,nan,-1,19800,1,0,0
1578783318,nan,-1,19800,1,0,0
1578783321,nan,-1,19800,0,0,0
1578783324,nan,-1,19799,1,0,0
1578783327,nan,-1,19799,1,0,0
1578783330,nan,-1,19799,1,0,0
1578783333,nan,-1,19799,1,0,0
1578783336,nan,-1,19799,1,0,0
1578783339,nan,-1,19799,0,0,0
1578783343,nan,-1,19798,0,0,0
1578783346,nan,-1,19797,1,0,0
1578783349,nan,-1,19797,1,0,0
1578783352,nan,-1,19797,1,0,0
1578783355,nan,-1,19797,1,0,0
1578783358,nan,-1,19797,1,0,0
1578783361,nan,-1,19797,0,0,0
1578783364,nan,-1,19796,1,0,0
1578783367,nan,-1,19796,1,0,0
1578783370,nan,-1,19796,1,0,0
1578783373,nan,-1,19796,1,0,0
1578783376,nan,-1,19796,1,0,0
1578783379,nan,-1,19796,0,0,0
1578783382,nan,-1,19795,1,0,0
1578783385,nan,-1,19795,1,0,0
1578783388,nan,-1,19795,1,0,0
1578783391,nan,-1,19795,1,0,0
1578783394,nan,-1,19795,1,0,0
1578783397,nan,-1,19795,0,0,0
1578783400,nan,-1,19794,0,0,0
1578783403,nan,-1,19793,1,0,0
1578783406,nan,-1,19793,1,0,0
1578783409,nan,-1,19793,1,0,0
1578783412,nan,-1,19793,1,0,0
1578783415,nan,-1,19793,1,0,0
1578783418,nan,-1,19793,0,0,0
1578783421,nan,-1,19792,1,0,0
1578783424,nan,-1,19792,1,0,0
1578783427,nan,-1,19792,1,0,0
1578783430,nan,-1,19792,1,0,0
1578783434,nan,-1,19792,1,0,0
1578783437,nan,-1,19792,0,0,0
1578783440,nan,-1,19791,1,0,0
1578783443,nan,-1,19791,1,0,0
1578783446,nan,-1,19791,1,0,0
1578783449,nan,-1,19791,1,0,0
1578783452,nan,-1,19791,1,0,0
1578783455,nan,-1,19791,0,0,0
1578783458,nan,-1,19790,0,0,0
1578783461,nan,-1,19789,1,0,0
1578783464,nan,-1,19789,1,0,0
1578783467,nan,-1,19789,1,0,0
1578783470,nan,-1,19789,1,0,0
1578783473,nan,-1,19789,1,0,0
1578783476,nan,-1,19789,0,0,0
1578783479,nan,-1,19788,1,0,0
1578783482,nan,-1,19788,1,0,0
1578783485,nan,-1,19788,1,0,0
1578783488,nan,-1,19788,1,0,0
1578783491,nan,-1,19788,1,0,0
1578783494,nan,-1,19788,0,0,0
1578783497,nan,-1,19787,1,0,0
1578783500,nan,-1,19787,1,0,0
1578783503,nan,-1,19787,1,0,0
1578783506,nan,-1,19787,1,0,0
1578783509,nan,-1,19787,1,0,0
1578783512,nan,-1,19787,0,0,0
1578783515,nan,-1,19786,0,0,0
1578783519,nan,-1,19785,0,0,0
1578783522,nan,-1,19784,1,0,0
1578783525,nan,-1,19784,1,0,0
1578783528,nan,-1,19784,1,0,0
1578783531,nan,-1,19784,1,0,0
1578783534,nan,-1,19784,1,0,0
1578783537,nan,-1,19784,0,0,0
1578783540,nan,-1,19783,1,0,0
1578783543,nan,-1,19783,1,0,0
1578783546,nan,-1,19783,1,0,0
1578783549,nan,-1,19783,1,0,0
1578783552,nan,-1,19783,1,0,0
1578783555,nan,-1,19783,0,0,0
1578783558,nan,-1,19782,1,0,0
1578783561,nan,-1,19782,1,0,0
1578783564,nan,-1,19782,1,0,0
1578783567,nan,-1,19782,1,0,0
1578783570,nan,-1,19782,1,0,0
1578783573,nan,-1,19782,0,0,0
1578783576,nan,-1,19781,1,0,0
1578783579,nan,-1,19781,1,0,0
1578783582,nan,-1,19781,1,0,0
1578783585,nan,-1,19781,1,0,0
1578783588,nan,-1,19781,1,0,0
1578783591,nan,-1,19781,0,0,0
1578783594,nan,-1,19780,1,0,0
1578783597,nan,-1,19780,1,0,0
1578783600,nan,-1,19780,1,0,0
1578783603,nan,-1,19780,1,0,0
1578783606,nan,-1,19780,1,0,0
1578783610,nan,-1,19780,0,0,0
1578783613,nan,-1,19779,1,0,0
1578783616,nan,-1,19779,1,0,0
1578783619,nan,-1,19779,1,0,0
1578783622,nan,-1,19779,1,0,0
1578783625,nan,-1,19779,1,0,0
1578783628,nan,-1,19779,0,0,0
1578783631,nan,-1,19778,1,0,0
1578783634,nan,-1,19778,1,0,0
1578783637,nan,-1,19778,1,0,0
1578783640,nan,-1,19778,1,0,0
1578783643,nan,-1,19778,1,0,0
1578783646,nan,-1,19778,0,0,0
1578783649,nan,-1,19777,1,0,0
1578783652,nan,-1,19777,1,0,0
1578783655,nan,-1,19777,1,0,0
1578783658,nan,-1,19777,1,0,0
1578783661,nan,-1,19777,1,0,0
1578783664,nan,-1,19777,0,0,0
1578783667,nan,-1,19776,1,0,0
1578783670,nan,-1,19776,1,0,0
1578783673,nan,-1,19776,1,0,0
1578783676,nan,-1,19776,1,0,0
1578783679,nan,-1,19776,1,0,0
1578783682,nan,-1,19776,0,0,0
1578783685,nan,-1,19775,1,0,0
1578783688,nan,-1,19775,1,0,0
1578783691,nan,-1,19775,1,0,0
1578783694,nan,-1,19775,1,0,0
1578783697,nan,-1,19775,1,0,0
1578783701,nan,-1,19775,0,0,0
1578783704,nan,-1,19774,1,0,0
1578783707,nan,-1,19774,1,0,0
1578783710,nan,-1,19774,1,0,0
1578783713,nan,-1,19774,1,0,0
1578783716,nan,-1,19774,1,0,0
1578783719,nan,-1,19774,0,0,0
1578783722,nan,-1,19773,1,0,0
1578783725,nan,-1,19773,1,0,0
1578783728,nan,-1,19773,1,0,0
1578783731,nan,-1,19773,1,0,0
1578783734,nan,-1,19773,1,0,0
1578783737,nan,-1,19773,0,0,0
1578783740,nan,-1,19772,0,0,0
1578783743,nan,-1,19771,1,0,0
1578783746,nan,-1,19771,1,0,0
1578783749,nan,-1,19771,1,0,0
1578783752,nan,-1,19771,1,0,0
1578783755,nan,-1,19771,1,0,0
1578783758,nan,-1,19771,0,0,0
1578783761,nan,-1,19770,0,0,0
1578783764,nan,-1,19769,1,0,0
1578783767,nan,-1,19769,1,0,0
1578783770,nan,-1,19769,1,0,0
1578783773,nan,-1,19769,1,0,0
1578783776,nan,-1,19769,1,0,0
1578783779,nan,-1,19769,0,0,0
1578783782,nan,-1,19768,1,0,0
1578783785,nan,-1,19768,1,0,0
1578783789,nan,-1,19768,1,0,0
1578783792,nan,-1,19768,1,0,0
1578783795,nan,-1,19768,1,0,0
1578783798,nan,-1,19768,0,0,0
1578783801,nan,-1,19767,1,0,0
1578783804,nan,-1,19767,1,0,0
1578783807,nan,-1,19767,1,0,0
1578783810,nan,-1,19767,1,0,0
1578783813,nan,-1,19767,1,0,0
1578783816,nan,-1,19767,0,0,0
1578783819,nan,-1,19766,0,0,0
1578783822,nan,-1,19765,1,0,0
1578783825,nan,-1,19765,1,0,0
1578783828,nan,-1,19765,1,0,0
1578783831,nan,-1,19765,1,0,0
1578783834,nan,-1,19765,1,0,0
1578783837,nan,-1,19765,0,0,0
1578783840,nan,-1,19764,1,0,0
1578783843,nan,-1,19764,1,0,0
1578783846,nan,-1,19764,1,0,0
1578783849,nan,-1,19764,1,0,0
1578783852,nan,-1,19764,1,0,0
1578783855,nan,-1,19764,0,0,0
1578783858,nan,-1,19763,1,0,0
1578783861,nan,-1,19763,1,0,0
1578783864,nan,-1,19763,1,0,0
1578783867,nan,-1,19763,1,0,0
1578783870,nan,-1,19763,1,0,0
1578783873,nan,-1,19763,0,0,0
1578783876,nan,-1,19762,1,0,0
1578783880,nan,-1,19762,1,0,0
1578783883,nan,-1,19762,1,0,0
1578783886,nan,-1,19762,1,0,0
1578783889,nan,-1,19762,1,0,0
1578783892,nan,-1,19762,0,0,0
1578783895,nan,-1,19761,1,0,0
1578783898,nan,-1,19761,1,0,0
1578783901,nan,-1,19761,1,0,0
1578783904,nan,-1,19761,1,0,0
1578783907,nan,-1,19761,1,0,0
1578783910,nan,-1,19761,0,0,0
1578783913,nan,-1,19760,1,0,0
1578783916,nan,-1,19760,1,0,0
1578783919,nan,-1,19760,1,0,0
1578783922,nan,-1,19760,1,0,0
1578783925,nan,-1,19760,1,0,0
1578783928,nan,-1,19760,0,0,0
1578783931,nan,-1,19759,1,0,0
1578783934,nan,-1,19759,1,0,0
1578783937,nan,-1,19759,1,0,0
1578783940,nan,-1,19759,1,0,0
1578783943,nan,-1,19759,1,0,0
1578783946,nan,-1,19759,0,0,0
1578783949,nan,-1,19758,0,0,0
1578783952,nan,-1,19757,1,0,0
1578783955,nan,-1,19757,1,0,0
1578783958,nan,-1,19757,1,0,0
1578783961,nan,-1,19757,1,0,0
1578783964,nan,-1,19757,1,0,0
1578783967,nan,-1,19757,0,0,0
1578783971,nan,-1,19756,1,0,0
1578783974,nan,-1,19756,1,0,0
1578783977,nan,-1,19756,1,0,0
1578783980,nan,-1,19756,1,0,0
1578783983,nan,-1,19756,1,0,0
1578783986,nan,-1,19756,0,0,0
1578783989,nan,-1,19755,1,0,0
1578783992,nan,-1,19755,1,0,0
1578783995,nan,-1,19755,1,0,0
1578783998,nan,-1,19755,1,0,0
1578784001,nan,-1,19755,1,0,0
1578784004,nan,-1,19755,0,0,0
1578784007,nan,-1,19754,1,0,0
1578784010,nan,-1,19754,1,0,0
1578784013,nan,-1,19754,1,0,0
1578784016,nan,-1,19754,1,0,0
1578784019,nan,-1,19754,1,0,0
1578784022,nan,-1,19754,0,0,0
1578784025,nan,-1,19753,1,0,0
1578784028,nan,-1,19753,1,0,0
1578784031,nan,-1,19753,1,0,0
1578784034,nan,-1,19753,1,0,0
1578784037,nan,-1,19753,1,0,0
1578784040,nan,-1,19753,0,0,0
1578784043,nan,-1,19752,1,0,0
1578784046,nan,-1,19752,1,0,0
1578784049,nan,-1,19752,1,0,0
1578784052,nan,-1,19752,1,0,0
1578784055,nan,-1,19752,1,0,0
1578784058,nan,-1,19752,0,0,0
1578784062,nan,-1,19751,1,0,0
1578784065,nan,-1,19751,1,0,0
1578784068,nan,-1,19751,1,0,0
1578784071,nan,-1,19751,1,0,0
1578784074,nan,-1,19751,1,0,0
1578784077,nan,-1,19751,0,0,0
1578784080,nan,-1,19750,0,0,0
1578784083,nan,-1,19749,1,0,0
1578784086,nan,-1,19749,1,0,0
1578784089,nan,-1,19749,1,0,0
1578784092,nan,-1,19749,1,0,0
1578784095,nan,-1,19749,1,0,0
1578784098,nan,-1,19749,0,0,0
1578784101,nan,-1,19748,1,0,0
1578784104,nan,-1,19748,1,0,0
1578784107,nan,-1,19748,1,0,0
1578784110,nan,-1,19748,1,0,0
1578784113,nan,-1,19748,1,0,0
1578784116,nan,-1,19748,0,0,0
1578784119,nan,-1,19747,1,0,0
1578784122,nan,-1,19747,1,0,0
1578784125,nan,-1,19747,1,0,0
1578784128,nan,-1,19747,1,0,0
1578784131,nan,-1,19747,1,0,0
1578784134,nan,-1,19747,0,0,0
1578784137,nan,-1,19746,1,0,0
1578784140,nan,-1,19746,1,0,0
1578784143,nan,-1,19746,1,0,0
1578784146,nan,-1,19746,1,0,0
1578784149,nan,-1,19746,1,0,0
1578784153,nan,-1,19746,0,0,0
1578784156,nan,-1,19745,1,0,0
1578784159,nan,-1,19745,1,0,0
1578784162,nan,-1,19745,1,0,0
1578784165,nan,-1,19745,1,0,0
1578784168,nan,-1,19745,1,0,0
1578784171,nan,-1,19745,0,0,0
1578784174,nan,-1,19744,1,0,0
1578784177,nan,-1,19744,1,0,0
1578784180,nan,-1,19744,1,0,0
1578784183,nan,-1,19744,1,0,0
1578784186,nan,-1,19744,1,0,0
1578784189,nan,-1,19744,0,0,0
1578784192,nan,-1,19743,1,0,0
1578784195,nan,-1,19743,1,0,0
1578784198,nan,-1,19743,1,0,0
1578784201,nan,-1,19743,1,0,0
1578784204,nan,-1,19743,1,0,0
1578784207,nan,-1,19743,0,0,0
1578784210,nan,-1,19742,0,0,0
1578784213,nan,-1,19741,1,0,0
1578784216,nan,-1,19741,1,0,0
1578784219,nan,-1,19741,1,0,0
1578784222,nan,-1,19741,1,0,0
1578784225,nan,-1,19741,1,0,0
1578784228,nan,-1,19741,0,0,0
1578784231,nan,-1,19740,1,0,0
1578784234,nan,-1,19740,1,0,0
1578784237,nan,-1,19740,1,0,0
1578784241,nan,-1,19740,1,0,0
1578784244,nan,-1,19740,1,0,0
1578784247,nan,-1,19740,0,0,0
1578784250,nan,-1,19739,1,0,0
1578784253,nan,-1,19739,1,0,0
1578784256,nan,-1,19739,1,0,0
1578784259,nan,-1,19739,1,0,0
1578784262,nan,-1,19739,1,0,0
1578784265,nan,-1,19739,0,0,0
1578784268,nan,-1,19738,1,0,0
1578784271,nan,-1,19738,1,0,0
1578784274,nan,-1,19738,1,0,0
1578784277,nan,-1,19738,1,0,0
1578784280,nan,-1,19738,1,0,0
1578784283,nan,-1,19738,0,0,0
1578784286,nan,-1,19737,1,0,0
1578784289,nan,-1,19737,1,0,0
1578784292,nan,-1,19737,1,0,0
1578784295,nan,-1,19737,1,0,0
1578784298,nan,-1,19737,1,0,0
1578784301,nan,-1,19737,0,0,0
1578784304,nan,-1,19736,0,0,0
1578784307,nan,-1,19735,1,0,0
1578784310,nan,-1,19735,1,0,0
1578784313,nan,-1,19735,1,0,0
1578784316,nan,-1,19735,1,0,0
1578784319,nan,-1,19735,1,0,0
1578784322,nan,-1,19735,0,0,0
1578784325,nan,-1,19734,0,0,0
1578784329,nan,-1,19733,1,0,0
1578784332,nan,-1,19733,1,0,0
1578784335,nan,-1,19733,1,0,0
1578784338,nan,-1,19733,1,0,0
1578784341,nan,-1,19733,1,0,0
1578784344,nan,-1,19733,0,0,0
1578784347,nan,-1,19732,1,0,0
1578784350,nan,-1,19732,1,0,0
1578784353,nan,-1,19732,1,0,0
1578784356,nan,-1,19732,1,0,0
1578784359,nan,-1,19732,1,0,0
1578784362,nan,-1,19732,0,0,0
1578784365,nan,-1,19731,1,0,0
1578784368,nan,-1,19731,1,0,0
1578784371,nan,-1,19731,1,0,0
1578784374,nan,-1,19731,1,0,0
1578784377,nan,-1,19731,1,0,0
1578784380,nan,-1,19731,0,0,0
1578784383,nan,-1,19730,1,0,0
1578784386,nan,-1,19730,1,0,0
1578784389,nan,-1,19730,1,0,0
1578784392,nan,-1,19730,1,0,0
1578784395,nan,-1,19730,1,0,0
1578784398,nan,-1,19730,0,0,0
1578784401,nan,-1,19729,0,0,0
1578784404,nan,-1,19728,1,0,0
1578784407,nan,-1,19728,1,0,0
1578784410,nan,-1,19728,1,0,0
1578784413,nan,-1,19728,1,0,0
1578784416,nan,-1,19728,1,0,0
1578784419,nan,-1,19728,0,0,0
1578784423,nan,-1,19727,1,0,0
1578784426,nan,-1,19727,1,0,0
1578784429,nan,-1,19727,1,0,0
1578784432,nan,-1,19727,1,0,0
1578784435,nan,-1,19727,1,0,0
1578784438,nan,-1,19727,0,0,0
1578784441,nan,-1,19726,0,0,0
1578784444,nan,-1,19725,1,0,0
1578784447,nan,-1,19725,1,0,0
1578784450,nan,-1,19725,1,0,0
1578784453,nan,-1,19725,1,0,0
1578784456,nan,-1,19725,1,0,0
1578784459,nan,-1,19725,0,0,0
1578784462,nan,-1,19724,1,0,0
1578784465,nan,-1,19724,1,0,0
1578784468,nan,-1,19724,1,0,0
1578784471,nan,-1,19724,1,0,0
1578784474,nan,-1,19724,1,0,0
1578784477,nan,-1,19724,0,0,0
1578784480,nan,-1,19723,1,0,0
1578784483,nan,-1,19723,1,0,0
1578784486,nan,-1,19723,1,0,0
1578784489,nan,-1,19723,1,0,0
1578784492,nan,-1,19723,1,0,0
1578784495,nan,-1,19723,0,0,0
1578784498,nan,-1,19722,0,0,0
1578784501,nan,-1,19721,1,0,0
1578784504,nan,-1,19721,1,0,0
1578784507,nan,-1,19721,1,0,0
1578784511,nan,-1,19721,1,0,0
1578784514,nan,-1,19721,1,0,0
1578784517,nan,-1,19721,0,0,0
1578784520,nan,-1,19720,1,0,0
1578784523,nan,-1,19720,1,0,0
1578784526,nan,-1,19720,1,0,0
1578784529,nan,-1,19720,1,0,0
1578784532,nan,-1,19720,1,0,0
1578784535,nan,-1,19720,0,0,0
1578784538,nan,-1,19719,1,0,0
1578784541,nan,-1,19719,1,0,0
1578784544,nan,-1,19719,1,0,0
1578784547,nan,-1,19719,1,0,0
1578784550,nan,-1,19719,1,0,0
1578784553,nan,-1,19719,0,0,0
1578784556,nan,-1,19718,1,0,0
1578784559,nan,-1,19718,1,0,0
1578784562,nan,-1,19718,1,0,0
1578784565,nan,-1,19718,1,0,0
1578784568,nan,-1,19718,1,0,0
1578784571,nan,-1,19718,0,0,0
1578784574,nan,-1,19717,1,0,0
1578784577,nan,-1,19717,1,0,0
1578784580,nan,-1,19717,1,0,0
1578784583,nan,-1,19717,1,0,0
1578784586,nan,-1,19717,1,0,0
1578784589,nan,-1,19717,0,0,0
1578784592,nan,-1,19716,1,0,0
1578784595,nan,-1,19716,1,0,0
1578784598,nan,-1,19716,1,0,0
1578784601,nan,-1,19716,1,0,0
1578784605,nan,-1,19716,1,0,0
1578784608,nan,-1,19716,0,0,0
1578784611,nan,-1,19715,1,0,0
1578784614,nan,-1,19715,1,0,0
1578784617,nan,-1,19715,1,0,0
1578784620,nan,-1,19715,1,0,0
1578784623,nan,-1,19715,1,0,0
1578784626,nan,-1,19715,0,0,0
1578784629,nan,-1,19714,0,0,0
1578784632,nan,-1,19713,0,0,0
1578784635,nan,-1,19712,1,0,0
1578784638,nan,-1,19712,1,0,0
1578784641,nan,-1,19712,1,0,0
1578784644,nan,-1,19712,1,0,0
1578784647,nan,-1,19712,1,0,0
1578784650,nan,-1,19712,0,0,0
1578784653,nan,-1,19711,1,0,0
1578784656,nan,-1,19711,1,0,0
1578784659,nan,-1,19711,1,0,0
1578784662,nan,-1,19711,1,0,0
1578784665,nan,-1,19711,1,0,0
1578784668,nan,-1,19711,0,0,0
1578784671,nan,-1,19710,0,0,0
1578784674,nan,-1,19709,1,0,0
1578784677,nan,-1,19709,1,0,0
1578784680,nan,-1,19709,1,0,0
1578784683,nan,-1,19709,1,0,0
1578784686,nan,-1,19709,1,0,0
1578784689,nan,-1,19709,0,0,0
1578784693,nan,-1,19708,1,0,0
1578784696,nan,-1,19708,1,0,0
1578784699,nan,-1,19708,1,0,0
1578784702,nan,-1,19708,1,0,0
1578784705,nan,-1,19708,1,0,0
1578784708,nan,-1,19708,0,0,0
1578784711,nan,-1,19707,1,0,0
1578784714,nan,-1,19707,1,0,0
1578784717,nan,-1,19707,1,0,0
1578784720,nan,-1,19707,1,0,0
1578784723,nan,-1,19707,1,0,0
1578784726,nan,-1,19707,0,0,0
1578784729,nan,-1,19706,0,0,0
1578784732,nan,-1,19705,0,0,0
1578784735,nan,-1,19704,1,0,0
1578784738,nan,-1,19704,1,0,0
1578784741,nan,-1,19704,1,0,0
1578784744,nan,-1,19704,1,0,0
1578784747,nan,-1,19704,1,0,0
1578784750,nan,-1,19704,0,0,0
1578784753,nan,-1,19703,1,0,0
1578784756,nan,-1,19703,1,0,0
1578784759,nan,-1,19703,1,0,0
1578784762,nan,-1,19703,1,0,0
1578784765,nan,-1,19703,1,0,0
1578784768,nan,-1,19703,0,0,0
1578784771,nan,-1,19702,1,0,0
1578784774,nan,-1,19702,1,0,0
1578784777,nan,-1,19702,1,0,0
1578784781,nan,-1,19702,1,0,0
1578784784,nan,-1,19702,1,0,0
1578784787,nan,-1,19702,0,0,0
1578784790,nan,-1,19701,1,0,0
1578784793,nan,-1,19701,1,0,0
1578784796,nan,-1,19701,1,0,0
1578784799,nan,-1,19701,1,0,0
1578784802,nan,-1,19701,1,0,0
1578784805,nan,-1,19701,0,0,0
1578784808,nan,-1,19700,1,0,0
1578784811,nan,-1,19700,1,0,0
1578784814,nan,-1,19700,1,0,0
1578784817,nan,-1,19700,1,0,0
1578784820,nan,-1,19700,1,0,0
1578784823,nan,-1,19700,0,0,0
1578784826,nan,-1,19699,1,0,0
1578784829,nan,-1,19699,1,0,0
1578784832,nan,-1,19699,1,0,0
1578784835,nan,-1,19699,1,0,0
1578784838,nan,-1,19699,1,0,0
1578784841,nan,-1,19699,0,0,0
1578784844,nan,-1,19698,1,0,0
1578784847,nan,-1,19698,1,0,0
1578784850,nan,-1,19698,1,0,0
1578784853,nan,-1,19698,1,0,0
1578784856,nan,-1,19698,1,0,0
1578784859,nan,-1,19698,0,0,0
1578784862,nan,-1,19697,1,0,0
1578784865,nan,-1,19697,1,0,0
1578784868,nan,-1,19697,1,0,0
1578784871,nan,-1,19697,1,0,0
1578784875,nan,-1,19697,1,0,0
1578784878,nan,-1,19697,0,0,0
1578784881,nan,-1,19696,1,0,0
1578784884,nan,-1,19696,1,0,0
1578784887,nan,-1,19696,1,0,0
1578784890,nan,-1,19696,1,0,0
1578784893,nan,-1,19696,1,0,0
1578784896,nan,-1,19696,0,0,0
1578784899,nan,-1,19695,1,0,0
1578784902,nan,-1,19695,1,0,0
1578784905,nan,-1,19695,1,0,0
1578784908,nan,-1,19695,1,0,0
1578784911,nan,-1,19695,1,0,0
1578784914,nan,-1,19695,0,0,0
1578784917,nan,-1,19694,0,0,0
1578784920,nan,-1,19693,1,0,0
1578784923,nan,-1,19693,1,0,0
1578784926,nan,-1,19693,1,0,0
1578784929,nan,-1,19693,1,0,0
1578784932,nan,-1,19693,1,0,0
1578784935,nan,-1,19693,0,0,0
1578784938,nan,-1,19692,1,0,0
1578784941,nan,-1,19692,1,0,0
1578784944,nan,-1,19692,1,0,0
1578784947,nan,-1,19692,1,0,0
1578784950,nan,-1,19692,1,0,0
1578784953,nan,-1,19692,0,0,0
1578784956,nan,-1,19691,1,0,0
1578784959,nan,-1,19691,1,0,0
1578784962,nan,-1,19691,1,0,0
1578784966,nan,-1,19691,1,0,0
1578784969,nan,-1,19691,1,0,0
1578784972,nan,-1,19691,0,0,0
1578784975,nan,-1,19690,1,0,0
1578784978,nan,-1,19690,1,0,0
1578784981,nan,-1,19690,1,0,0
1578784984,nan,-1,19690,1,0,0
1578785271,nan,-1,19690,0,0,0
1578785274,nan,-1,19689,1,0,0
1578785277,nan,-1,19689,1,0,0
1578785280,nan,-1,19689,1,0,0
1578785283,nan,-1,19689,1,0,0
1578785286,nan,-1,19689,1,0,0
1578785289,nan,-1,19689,0,0,0
1578785292,nan,-1,19688,0,0,0
1578785295,nan,-1,19687,1,0,0
1578785298,nan,-1,19687,1,0,0
1578785301,nan,-1,19687,1,0,0
1578785304,nan,-1,19687,1,0,0
1578785307,nan,-1,19687,1,0,0
1578785310,nan,-1,19687,0,0,0
1578785313,nan,-1,19686,0,0,0
1578785316,nan,-1,19685,1,0,0
1578785319,nan,-1,19685,1,0,0
1578785322,nan,-1,19685,1,0,0
1578785325,nan,-1,19685,1,0,0
1578785328,nan,-1,19685,1,0,0
1578785331,nan,-1,19685,0,0,0
1578785334,nan,-1,19684,1,0,0
1578785337,nan,-1,19684,1,0,0
1578785340,nan,-1,19684,1,0,0
1578785343,nan,-1,19684,1,0,0
1578785346,nan,-1,19684,1,0,0
1578785350,nan,-1,19684,0,0,0
1578785353,nan,-1,19683,1,0,0
1578785356,nan,-1,19683,1,0,0
1578785359,nan,-1,19683,1,0,0
1578785362,nan,-1,19683,1,0,0
1578785365,nan,-1,19683,1,0,0
1578785368,nan,-1,19683,0,0,0
1578785371,nan,-1,19682,1,0,0
1578785374,nan,-1,19682,1,0,0
1578785377,nan,-1,19682,1,0,0
1578785380,nan,-1,19682,1,0,0
1578785383,nan,-1,19682,1,0,0
1578785386,nan,-1,19682,0,0,0
1578785389,nan,-1,19681,1,0,0
1578785563,nan,-1,19681,0,0,0
1578785566,nan,-1,19680,0,0,0
1578785569,nan,-1,19679,1,0,0
1578785572,nan,-1,19679,1,0,0
1578785575,nan,-1,19679,1,0,0
1578785578,nan,-1,19679,1,0,0
1578785581,nan,-1,19679,1,0,0
1578785584,nan,-1,19679,0,0,0
1578785587,nan,-1,19678,0,0,0
1578785590,nan,-1,19677,1,0,0
1578785593,nan,-1,19677,1,0,0
1578785596,nan,-1,19677,1,0,0
1578785599,nan,-1,19677,1,0,0
1578785748,nan,-1,19677,0,0,0
1578785751,nan,-1,19676,0,0,0
1578785754,nan,-1,19675,0,0,0
1578785757,nan,-1,19674,0,0,0
1578785760,nan,-1,19673,0,0,0
1578785763,nan,-1,19672,0,0,0
1578785767,nan,-1,19671,0,0,0
1578785770,nan,-1,19670,0,0,0
1578785773,nan,-1,19669,0,0,0
1578785776,nan,-1,19668,0,0,0
1578785779,nan,-1,19667,0,0,0
1578785782,nan,-1,19666,0,0,0
1578785803,nan,-1,19665,0,0,0
1578785806,nan,-1,19664,1,0,0
1578785809,nan,-1,19664,1,0,0
1578785812,nan,-1,19664,1,0,0
1578785815,nan,-1,19664,1,0,0
1578785818,nan,-1,19664,1,0,0
1578785821,nan,-1,19664,1,0,0
1578785824,nan,-1,19664,1,0,0
1578785827,nan,-1,19664,1,0,0
1578785830,nan,-1,19664,1,0,0
1578785833,nan,-1,19664,1,0,0
1578785836,nan,-1,19664,1,0,0
1578785839,nan,-1,19664,1,0,0
1578785842,nan,-1,19664,1,0,0
1578785845,nan,-1,19664,1,0,0
1578785848,nan,-1,19664,1,0,0
1578785851,nan,-1,19664,1,0,0
1578785854,nan,-1,19664,1,0,0
1578785857,nan,-1,19664,1,0,0
1578785860,nan,-1,19664,1,0,0
1578785864,nan,-1,19664,1,0,0
1578785867,nan,-1,19664,1,0,0
1578785870,nan,-1,19664,1,0,0
1578785873,nan,-1,19664,1,0,0
1578785876,nan,-1,19664,1,0,0
1578785879,nan,-1,19664,0,0,0
1578785882,nan,-1,19663,1,0,0
1578785885,nan,-1,19663,1,0,0
1578785888,nan,-1,19663,1,0,0
1578785891,nan,-1,19663,1,0,0
1578785894,nan,-1,19663,1,0,0
1578785897,nan,-1,19663,1,0,0
1578785900,nan,-1,19663,1,0,0
1578785903,nan,-1,19663,1,0,0
1578785906,nan,-1,19663,1,0,0
1578785909,nan,-1,19663,1,0,0
1578786180,nan,-1,19663,0,0,0
1578786183,nan,-1,19662,1,0,0
1578786186,nan,-1,19662,1,0,0
1578786189,nan,-1,19662,1,0,0
1578786192,nan,-1,19662,1,0,0
1578786195,nan,-1,19662,1,0,0
1578786198,nan,-1,19662,1,0,0
1578786201,nan,-1,19662,1,0,0
1578786204,nan,-1,19662,1,0,0
1578786208,nan,-1,19662,1,0,0
1578786211,nan,-1,19662,1,0,0
1578786214,nan,-1,19662,1,0,0
1578786217,nan,-1,19662,1,0,0
1578786220,nan,-1,19662,1,0,0
1578786223,nan,-1,19662,1,0,0
1578786226,nan,-1,19662,1,0,0
1578786229,nan,-1,19662,1,0,0
1578786232,nan,-1,19662,1,0,0
1578786235,nan,-1,19662,1,0,0
1578786238,nan,-1,19662,1,0,0
1578786241,nan,-1,19662,1,0,0
1578786244,nan,-1,19662,1,0,0
1578786247,nan,-1,19662,1,0,0
1578786250,nan,-1,19662,1,0,0
1578786253,nan,-1,19662,1,0,0
1578786256,nan,-1,19662,0,0,0
1578786259,nan,-1,19661,1,0,0
1578786262,nan,-1,19661,1,0,0
1578786265,nan,-1,19661,1,0,0
1578786268,nan,-1,19661,1,0,0
1578786271,nan,-1,19661,1,0,0
1578786274,nan,-1,19661,1,0,0
1578786277,nan,-1,19661,1,0,0
1578786280,nan,-1,19661,1,0,0
1578786283,nan,-1,19661,1,0,0
1578786286,nan,-1,19661,1,0,0
1578786289,nan,-1,19661,1,0,0
1578786292,nan,-1,19661,1,0,0
1578786295,nan,-1,19661,1,0,0
1578786298,nan,-1,19661,1,0,0
1578786301,nan,-1,19661,1,0,0
1578786304,nan,-1,19661,1,0,0
1578786307,nan,-1,19661,1,0,0
1578786311,nan,-1,19661,1,0,0
1578786314,nan,-1,19661,1,0,0
1578786337,nan,-1,19661,0,0,0
1578786340,nan,-1,19660,1,0,0
1578786343,nan,-1,19660,1,0,0
1578786346,nan,-1,19660,1,0,0
1578786349,nan,-1,19660,1,0,0
1578786352,nan,-1,19660,1,0,0
1578786355,nan,-1,19660,1,0,0
1578786358,nan,-1,19660,1,0,0
1578786361,nan,-1,19660,1,0,0
1578786364,nan,-1,19660,1,0,0
1578786367,nan,-1,19660,1,0,0
1578786370,nan,-1,19660,1,0,0
1578786373,nan,-1,19660,1,0,0
1578786376,nan,-1,19660,1,0,0
1578786379,nan,-1,19660,1,0,0
1578786382,nan,-1,19660,1,0,0
1578786385,nan,-1,19660,1,0,0
1578786388,nan,-1,19660,1,0,0
1578786391,nan,-1,19660,1,0,0
1578786394,nan,-1,19660,1,0,0
1578786397,nan,-1,19660,1,0,0
1578786400,nan,-1,19660,1,0,0
1578786403,nan,-1,19660,1,0,0
1578786406,nan,-1,19660,1,0,0
1578786409,nan,-1,19660,1,0,0
1578786412,nan,-1,19660,1,0,0
1578786415,nan,-1,19660,1,0,0
1578786418,nan,-1,19660,1,0,0
1578786421,nan,-1,19660,1,0,0
1578786424,nan,-1,19660,1,0,0
1578786427,nan,-1,19660,1,0,0
1578786431,nan,-1,19660,1,0,0
1578786434,nan,-1,19660,1,0,0
1578786437,nan,-1,19660,1,0,0
1578786440,nan,-1,19660,0,0,0
1578786443,nan,-1,19659,1,0,0
1578786446,nan,-1,19659,1,0,0
1578786449,nan,-1,19659,1,0,0
1578786452,nan,-1,19659,1,0,0
1578786455,nan,-1,19659,1,0,0
1578786458,nan,-1,19659,1,0,0
1578786461,nan,-1,19659,1,0,0
1578786464,nan,-1,19659,1,0,0
1578786467,nan,-1,19659,1,0,0
1578786470,nan,-1,19659,1,0,0
1578786473,nan,-1,19659,1,0,0
1578786476,nan,-1,19659,1,0,0
1578786479,nan,-1,19659,1,0,0
1578786482,nan,-1,19659,1,0,0
1578786485,nan,-1,19659,1,0,0
1578786488,nan,-1,19659,1,0,0
1578786491,nan,-1,19659,1,0,0
1578786494,nan,-1,19659,1,0,0
1578786497,nan,-1,19659,1,0,0
1578786500,nan,-1,19659,1,0,0
1578786503,nan,-1,19659,1,0,0
1578786506,nan,-1,19659,1,0,0
1578786509,nan,-1,19659,1,0,0
1578786512,nan,-1,19659,1,0,0
1578786515,nan,-1,19659,1,0,0
1578786518,nan,-1,19659,1,0,0
1578786521,nan,-1,19659,1,0,0
1578786524,nan,-1,19659,1,0,0
1578786528,nan,-1,19659,1,0,0
1578786531,nan,-1,19659,1,0,0
1578786534,nan,-1,19659,1,0,0
1578786539,nan,-1,19659,0,0,0
1578786542,nan,-1,19658,0,0,0
1578786545,nan,-1,19657,0,0,0
1578786548,nan,-1,19656,1,0,0
1578786552,nan,-1,19656,1,0,0
1578786555,nan,-1,19656,1,0,0
1578786558,nan,-1,19656,1,0,0
1578786561,nan,-1,19656,1,0,0
1578786564,nan,-1,19656,1,0,0
1578786567,nan,-1,19656,1,0,0
1578786570,nan,-1,19656,1,0,0
1578786573,nan,-1,19656,1,0,0
1578786576,nan,-1,19656,1,0,0
1578786579,nan,-1,19656,1,0,0
1578786582,nan,-1,19656,1,0,0
1578786585,nan,-1,19656,1,0,0
1578786588,nan,-1,19656,1,0,0
1578786591,nan,-1,19656,1,0,0
1578786594,nan,-1,19656,1,0,0
1578786597,nan,-1,19656,1,0,0
1578786600,nan,-1,19656,1,0,0
1578786603,nan,-1,19656,1,0,0
1578786606,nan,-1,19656,1,0,0
1578786609,nan,-1,19656,1,0,0
1578786612,nan,-1,19656,1,0,0
1578786615,nan,-1,19656,1,0,0
1578786618,nan,-1,19656,1,0,0
1578786621,nan,-1,19656,1,0,0
1578786624,3208.600000,343,19656,0,1,1
1578786627,3208.600000,343,19655,1,1,1
1578786630,3208.600000,343,19655,1,1,1
1578786633,3208.600000,343,19655,1,1,1
1578786636,3208.600000,343,19655,1,1,1
1578786639,3208.600000,343,19655,1,1,1
1578786642,3208.600000,343,19655,1,1,1
1578786645,3208.600000,343,19655,1,1,1
1578786648,3208.600000,343,19655,1,1,1
1578786651,3208.600000,343,19655,1,1,1
1578786654,3208.600000,343,19655,1,1,1
1578786658,3208.600000,343,19655,1,1,1
1578786661,3208.600000,343,19655,1,1,1
1578786664,3208.600000,343,19655,1,1,1
1578786667,3208.600000,343,19655,1,1,1
1578786670,3208.600000,343,19655,1,1,1
1578786673,3208.600000,343,19655,1,1,1
1578786676,3208.600000,343,19655,1,1,1
1578786679,3208.600000,343,19655,1,1,1
1578786682,3208.600000,343,19655,1,1,1
1578786685,3208.600000,343,19655,1,1,1
1578786688,3208.600000,343,19655,1,1,1
1578786691,2853.200000,344,19655,0,2,2
1578786694,2853.200000,344,19654,0,2,2
1578786697,2853.200000,344,19653,1,2,2
1578786700,2853.200000,344,19653,1,2,2
1578786703,2853.200000,344,19653,1,2,2
1578786706,2853.200000,344,19653,1,2,2
1578786709,2853.200000,344,19653,1,2,2
1578786712,2853.200000,344,19653,1,2,2
1578786715,2853.200000,344,19653,1,2,2
1578786718,2853.200000,344,19653,1,2,2
1578786721,2853.200000,344,19653,1,2,2
1578786724,2853.200000,344,19653,1,2,2
1578786727,2853.200000,344,19653,1,2,2
1578786730,2853.200000,344,19653,1,2,2
1578786733,2853.200000,344,19653,1,2,2
1578786736,2853.200000,344,19653,1,2,2
1578786739,2853.200000,344,19653,1,2,2
1578786742,2853.200000,344,19653,1,2,2
1578786745,2853.200000,344,19653,1,2,2
1578786748,2853.200000,344,19653,1,2,2
1578786751,1649.000000,346,19653,0,3,3
1578786755,1649.000000,346,19652,1,3,3
1578786758,1649.000000,346,19652,1,3,3
1578786761,1649.000000,346,19652,1,3,3
1578786764,1649.000000,346,19652,1,3,3
1578786767,1649.000000,346,19652,1,3,3
1578786770,1649.000000,346,19652,1,3,3
1578786773,1649.000000,346,19652,1,3,3
1578786776,1649.000000,346,19652,1,3,3
1578786779,1649.000000,346,19652,1,3,3
1578786782,1649.000000,346,19652,1,3,3
1578786785,1649.000000,346,19652,1,3,3
1578786788,1649.000000,346,19652,1,3,3
1578786791,1649.000000,346,19652,1,3,3
1578786794,1649.000000,346,19652,1,3,3
1578786797,1649.000000,346,19652,1,3,3
1578786800,1649.000000,346,19652,1,3,3
1578786803,1649.000000,346,19652,1,3,3
1578786806,1649.000000,346,19652,1,3,3
1578786809,1649.000000,346,19652,1,3,3
1578786812,1649.000000,346,19652,1,3,3
1578786815,1649.000000,346,19652,1,3,3
1578786818,1649.000000,346,19652,1,3,3
1578786821,1649.000000,346,19652,1,3,3
1578786824,1649.000000,346,19652,1,3,3
1578786827,1649.000000,346,19652,1,3,3
1578786830,1649.000000,346,19652,1,3,3
1578786833,1649.000000,346,19652,1,3,3
1578786836,1649.000000,346,19652,1,3,3
1578786839,1649.000000,346,19652,1,3,3
1578786842,1649.000000,346,19652,1,3,3
1578786845,1649.000000,346,19652,1,3,3
1578786848,1649.000000,346,19652,1,3,3
1578786851,1649.000000,346,19652,1,3,3
1578786854,1649.000000,346,19652,1,3,3
1578786858,1649.000000,346,19652,1,3,3
1578786861,1649.000000,346,19652,1,3,3
1578786864,1649.000000,346,19652,1,3,3
1578786867,1649.000000,346,19652,1,3,3
1578786870,1649.000000,346,19652,1,3,3
1578786873,1649.000000,346,19652,1,3,3
1578786876,1649.000000,346,19652,1,3,3
1578786879,1649.000000,346,19652,1,3,3
1578786882,1649.000000,346,19652,1,3,3
1578786885,1649.000000,346,19652,1,3,3
1578786888,1649.000000,346,19652,1,3,3
1578786891,1649.000000,346,19652,1,3,3
1578786894,1649.000000,346,19652,1,3,3
1578786897,1649.000000,346,19652,1,3,3
1578786900,1649.000000,346,19652,1,3,3
1578786903,1649.000000,346,19652,1,3,3
1578786906,1649.000000,346,19652,1,3,3
1578786909,1649.000000,346,19652,1,3,3
1578786912,1649.000000,346,19652,1,3,3
1578786915,1649.000000,346,19652,1,3,3
1578786918,1649.000000,346,19652,1,3,3
1578786921,1649.000000,346,19652,1,3,3
1578786924,1649.000000,346,19652,1,3,3
1578786927,1649.000000,346,19652,1,3,3
1578786930,1649.000000,346,19652,1,3,3
1578786933,1649.000000,346,19652,1,3,3
1578786936,1649.000000,346,19652,1,3,3
1578786939,1649.000000,346,19652,1,3,3
1578786942,1649.000000,346,19652,1,3,3
1578786945,1649.000000,346,19652,1,3,3
1578786948,1649.000000,346,19652,1,3,3
1578786951,1649.000000,346,19652,1,3,3
1578786954,1649.000000,346,19652,1,3,3
1578786958,1649.000000,346,19652,1,3,3
1578786961,1649.000000,346,19652,1,3,3
1578786964,1649.000000,346,19652,1,3,3
1578786967,1649.000000,346,19652,1,3,3
1578786970,1649.000000,346,19652,0,4,4
1578786973,1649.000000,346,19651,1,4,4
1578786976,1649.000000,346,19651,1,4,4
1578786979,1649.000000,346,19651,1,4,4
1578786982,1649.000000,346,19651,1,4,4
1578786985,1649.000000,346,19651,1,4,4
1578786988,1649.000000,346,19651,1,4,4
1578786991,1649.000000,346,19651,1,4,4
1578786994,1649.000000,346,19651,1,4,4
1578786997,1649.000000,346,19651,1,4,4
1578787000,1649.000000,346,19651,1,4,4
1578787003,1649.000000,346,19651,1,4,4
1578787006,1649.000000,346,19651,1,4,4
1578787009,1649.000000,346,19651,1,4,4
1578787012,1649.000000,346,19651,1,4,4
1578787015,1649.000000,346,19651,1,4,4
1578787018,1649.000000,346,19651,1,4,4
1578787021,1649.000000,346,19651,1,4,4
1578787024,1649.000000,346,19651,1,4,4
1578787027,1649.000000,346,19651,1,4,4
1578787030,1649.000000,346,19651,1,4,4
1578787033,1649.000000,346,19651,1,4,4
1578787036,1649.000000,346,19651,1,4,4
1578787039,1649.000000,346,19651,1,4,4
1578787042,1649.000000,346,19651,1,4,4
1578787045,1649.000000,346,19651,1,4,4
1578787048,1649.000000,346,19651,1,4,4
1578787051,1649.000000,346,19651,1,4,4
1578787055,1649.000000,346,19651,1,4,4
1578787058,1649.000000,346,19651,1,4,4
1578787061,1649.000000,346,19651,1,4,4
1578787064,1649.000000,346,19651,1,4,4
1578787067,1649.000000,346,19651,1,4,4
1578787070,1649.000000,346,19651,1,4,4
1578787073,1649.000000,346,19651,1,4,4
1578787076,1649.000000,346,19651,1,4,4
1578787079,1649.000000,346,19651,1,4,4
1578787082,1649.000000,346,19651,1,4,4
1578787085,1649.000000,346,19651,1,4,4
1578787088,1649.000000,346,19651,1,4,4
1578787091,1649.000000,346,19651,1,4,4
1578787094,1649.000000,346,19651,1,4,4
1578787097,1649.000000,346,19651,1,4,4
1578787100,1649.000000,346,19651,1,4,4
1578787103,1649.000000,346,19651,1,4,4
1578787106,1649.000000,346,19651,1,4,4
1578787109,1649.000000,346,19651,1,4,4
1578787112,1649.000000,346,19651,1,4,4
1578787115,1649.000000,346,19651,1,4,4
1578787118,1649.000000,346,19651,1,4,4
1578787121,1649.000000,346,19651,1,4,4
1578787124,1649.000000,346,19651,1,4,4
1578787127,1649.000000,346,19651,1,4,4
1578787130,1649.000000,346,19651,1,4,4
1578787133,1649.000000,346,19651,1,4,4
1578787136,1649.000000,346,19651,1,4,4
1578787139,1649.000000,346,19651,1,4,4
1578787142,1649.000000,346,19651,1,4,4
1578787145,1649.000000,346,19651,1,4,4
1578787148,1649.000000,346,19651,1,4,4
1578787151,1649.000000,346,19651,1,4,4
1578787155,1649.000000,346,19651,1,4,4
1578787158,1649.000000,346,19651,1,4,4
1578787161,1649.000000,346,19651,1,4,4
1578787164,1649.000000,346,19651,0,5,5
1578787167,1649.000000,346,19650,0,5,5
1578787170,1649.000000,346,19649,1,5,5
1578787173,1649.000000,346,19649,1,5,5
1578787176,1649.000000,346,19649,1,5,5
1578787179,1649.000000,346,19649,1,5,5
1578787182,1649.000000,346,19649,1,5,5
1578787185,1649.000000,346,19649,1,5,5
1578787188,1649.000000,346,19649,1,5,5
1578787191,1649.000000,346,19649,1,5,5
1578787194,1649.000000,346,19649,1,5,5
1578787197,1649.000000,346,19649,1,5,5
1578787200,1649.000000,346,19649,1,5,5
1578787203,1649.000000,346,19649,1,5,5
1578787206,1649.000000,346,19649,1,5,5
1578787209,1649.000000,346,19649,1,5,5
1578787212,1649.000000,346,19649,1,5,5
1578787215,1649.000000,346,19649,1,5,5
1578787218,1649.000000,346,19649,1,5,5
1578787221,1649.000000,346,19649,1,5,5
1578787224,1649.000000,346,19649,0,6,6
1578787227,1649.000000,346,19648,1,6,6
1578787230,1649.000000,346,19648,1,6,6
1578787233,1649.000000,346,19648,1,6,6
1578787236,1649.000000,346,19648,1,6,6
1578787239,1649.000000,346,19648,1,6,6
1578787242,1649.000000,346,19648,1,6,6
1578787245,1649.000000,346,19648,1,6,6
1578787249,1649.000000,346,19648,1,6,6
1578787252,1649.000000,346,19648,1,6,6
1578787255,1649.000000,346,19648,1,6,6
1578787258,1649.000000,346,19648,1,6,6
1578787261,1649.000000,346,19648,1,6,6
1578787264,1649.000000,346,19648,1,6,6
1578787267,1649.000000,346,19648,1,6,6
1578787270,1649.000000,346,19648,1,6,6
1578787273,1649.000000,346,19648,1,6,6
1578787276,1649.000000,346,19648,1,6,6
1578787279,1649.000000,346,19648,1,6,6
1578787282,1649.000000,346,19648,1,6,6
1578787285,1649.000000,346,19648,1,6,6
1578787288,1649.000000,346,19648,1,6,6
1578787291,1649.000000,346,19648,0,7,7
1578787294,1649.000000,346,19647,1,7,7
1578787297,1649.000000,346,19647,1,7,7
1578787300,1649.000000,346,19647,1,7,7
1578787303,1649.000000,346,19647,1,7,7
1578787306,1649.000000,346,19647,1,7,7
1578787309,1649.000000,346,19647,1,7,7
1578787312,1649.000000,346,19647,1,7,7
1578787315,1649.000000,346,19647,1,7,7
1578787318,1649.000000,346,19647,1,7,7
1578787321,1649.000000,346,19647,1,7,7
1578787324,1649.000000,346,19647,1,7,7
1578787327,1649.000000,346,19647,1,7,7
1578787330,1649.000000,346,19647,1,7,7
1578787333,1649.000000,346,19647,1,7,7
1578787336,1649.000000,346,19647,1,7,7
1578787339,1649.000000,346,19647,1,7,7
1578787342,1649.000000,346,19647,1,7,7
1578787345,1649.000000,346,19647,1,7,7
1578787349,1649.000000,346,19647,0,8,8
1578787352,1649.000000,346,19646,1,8,8
1578787355,1649.000000,346,19646,1,8,8
1578787358,1649.000000,346,19646,1,8,8
1578787361,1649.000000,346,19646,1,8,8
1578787364,1649.000000,346,19646,1,8,8
1578787367,1649.000000,346,19646,1,8,8
1578787370,1649.000000,346,19646,1,8,8
1578787373,1649.000000,346,19646,1,8,8
1578787376,1649.000000,346,19646,1,8,8
1578787379,1649.000000,346,19646,1,8,8
1578787382,1649.000000,346,19646,1,8,8
1578787385,1649.000000,346,19646,1,8,8
1578787388,1649.000000,346,19646,1,8,8
1578787391,1649.000000,346,19646,1,8,8
1578787394,1649.000000,346,19646,1,8,8
1578787397,1649.000000,346,19646,1,8,8
1578787400,1008.400000,353,19646,0,9,9
1578787403,1008.400000,353,19645,1,9,9
1578787406,1008.400000,353,19645,1,9,9
1578787409,1008.400000,353,19645,1,9,9
1578787412,1008.400000,353,19645,1,9,9
1578787415,1008.400000,353,19645,1,9,9
1578787418,1008.400000,353,19645,1,9,9
1578787421,1008.400000,353,19645,1,9,9
1578787424,1008.400000,353,19645,1,9,9
1578787427,1008.400000,353,19645,1,9,9
1578787430,1008.400000,353,19645,1,9,9
1578787433,1008.400000,353,19645,1,9,9
1578787436,1008.400000,353,19645,1,9,9
1578787439,1008.400000,353,19645,1,9,9
1578787442,1008.400000,353,19645,1,9,9
1578787446,1008.400000,353,19645,1,9,9
1578787449,1008.400000,353,19645,1,9,9
1578787452,1008.400000,353,19645,1,9,9
1578787455,1008.400000,353,19645,1,9,9
1578787458,1008.400000,353,19645,1,9,9
1578787461,1008.400000,353,19645,1,9,9
1578787464,1008.400000,353,19645,1,9,9
1578787467,1008.400000,353,19645,0,10,10
1578787470,1008.400000,353,19644,1,10,10
1578787473,1008.400000,353,19644,1,10,10
1578787476,1008.400000,353,19644,1,10,10
1578787479,1008.400000,353,19644,1,10,10
1578787482,1008.400000,353,19644,1,10,10
1578787485,1008.400000,353,19644,1,10,10
1578787488,1008.400000,353,19644,1,10,10
1578787491,1008.400000,353,19644,1,10,10
1578787494,1008.400000,353,19644,1,10,10
1578787497,1008.400000,353,19644,1,10,10
1578787500,1008.400000,353,19644,1,10,10
1578787503,1008.400000,353,19644,1,10,10
1578787506,1008.400000,353,19644,1,10,10
1578787509,1008.400000,353,19644,1,10,10
1578787512,1008.400000,353,19644,1,10,10
1578787515,1008.400000,353,19644,1,10,10
1578787518,1008.400000,353,19644,1,10,10
1578787521,1008.400000,353,19644,1,10,10
1578787524,1008.400000,353,19644,1,10,10
1578787527,1008.400000,353,19644,1,10,10
1578787530,1008.400000,353,19644,1,10,10
1578787533,1008.400000,353,19644,1,10,10
1578787536,1008.400000,353,19644,1,10,10
1578787539,1008.400000,353,19644,1,10,10
1578787542,1008.400000,353,19644,1,10,10
1578787546,1008.400000,353,19644,1,10,10
1578787549,1008.400000,353,19644,1,10,10
1578787552,1008.400000,353,19644,1,10,10
1578787555,1008.400000,353,19644,1,10,10
1578787558,1008.400000,353,19644,1,10,10
1578787561,1008.400000,353,19644,0,11,11
1578787564,1008.400000,353,19643,1,11,11
1578787567,1008.400000,353,19643,1,11,11
1578787570,1008.400000,353,19643,1,11,11
1578787573,1008.400000,353,19643,1,11,11
1578787576,1008.400000,353,19643,1,11,11
1578787579,1008.400000,353,19643,1,11,11
1578787582,1008.400000,353,19643,1,11,11
1578787585,1008.400000,353,19643,1,11,11
1578787588,1008.400000,353,19643,1,11,11
1578787591,1008.400000,353,19643,1,11,11
1578787594,1008.400000,353,19643,1,11,11
1578787597,1008.400000,353,19643,1,11,11
1578787600,1008.400000,353,19643,1,11,11
1578787603,1008.400000,353,19643,1,11,11
1578787606,1008.400000,353,19643,1,11,11
1578787609,1008.400000,353,19643,1,11,11
1578787612,1008.400000,353,19643,1,11,11
1578787615,1008.400000,353,19643,1,11,11
1578787618,1008.400000,353,19643,1,11,11
1578787621,1008.400000,353,19643,1,11,11
1578787624,1008.400000,353,19643,1,11,11
1578787627,1008.400000,353,19643,1,11,11
1578787630,1008.400000,353,19643,1,11,11
1578787633,1008.400000,353,19643,1,11,11
1578787636,1008.400000,353,19643,0,12,12
1578787639,1008.400000,353,19642,0,12,12
1578787643,1008.400000,353,19641,0,12,12
1578787646,1008.400000,353,19640,1,12,12
1578787649,1008.400000,353,19640,1,12,12
1578787652,1008.400000,353,19640,1,12,12
1578787655,1008.400000,353,19640,1,12,12
1578787658,1008.400000,353,19640,1,12,12
1578787661,1008.400000,353,19640,1,12,12
1578787664,1008.400000,353,19640,1,12,12
1578787667,1008.400000,353,19640,1,12,12
1578787670,1008.400000,353,19640,1,12,12
1578787673,1008.400000,353,19640,1,12,12
1578787676,1008.400000,353,19640,1,12,12
1578787679,1008.400000,353,19640,1,12,12
1578787682,1008.400000,353,19640,1,12,12
1578787685,1008.400000,353,19640,1,12,12
1578787688,1008.400000,353,19640,1,12,12
1578787691,1008.400000,353,19640,1,12,12
1578787694,1008.400000,353,19640,1,12,12
1578787697,1008.400000,353,19640,1,12,12
1578787700,1008.400000,353,19640,0,13,13
1578787703,1008.400000,353,19639,1,13,13
1578787706,1008.400000,353,19639,1,13,13
1578787709,1008.400000,353,19639,1,13,13
1578787712,1008.400000,353,19639,1,13,13
1578787715,1008.400000,353,19639,1,13,13
1578787718,1008.400000,353,19639,1,13,13
1578787721,1008.400000,353,19639,1,13,13
1578787724,1008.400000,353,19639,1,13,13
1578787727,1008.400000,353,19639,1,13,13
1578787730,1008.400000,353,19639,1,13,13
1578787733,1008.400000,353,19639,1,13,13
1578787737,1008.400000,353,19639,1,13,13
1578787740,1008.400000,353,19639,1,13,13
1578787743,1008.400000,353,19639,1,13,13
1578787746,1008.400000,353,19639,1,13,13
1578787749,1008.400000,353,19639,1,13,13
1578787752,1008.400000,353,19639,1,13,13
1578787755,1008.400000,353,19639,1,13,13
1578787758,1008.400000,353,19639,1,13,13
1578787761,1008.400000,353,19639,0,14,14
1578787764,1008.400000,353,19638,1,14,14
1578787767,1008.400000,353,19638,1,14,14
1578787770,1008.400000,353,19638,1,14,14
1578787773,1008.400000,353,19638,1,14,14
1578787776,1008.400000,353,19638,1,14,14
1578787779,1008.400000,353,19638,1,14,14
1578787782,1008.400000,353,19638,1,14,14
1578787785,1008.400000,353,19638,1,14,14
1578787788,1008.400000,353,19638,1,14,14
1578787791,1008.400000,353,19638,1,14,14
1578787794,1008.400000,353,19638,1,14,14
1578787797,1008.400000,353,19638,1,14,14
1578787800,1008.400000,353,19638,1,14,14
1578787803,1008.400000,353,19638,1,14,14
1578787806,1008.400000,353,19638,1,14,14
1578787809,1008.400000,353,19638,1,14,14
1578787812,1008.400000,353,19638,0,15,15
1578787842,1008.400000,353,19638,1,15,15
1578787845,1008.400000,353,19638,1,15,15
1578787848,1008.400000,353,19638,1,15,15
1578787851,1008.400000,353,19638,1,15,15
1578787854,1008.400000,353,19638,1,15,15
1578787857,1008.400000,353,19638,1,15,15
1578787860,1008.400000,353,19638,1,15,15
